IP地址,端口,类型,地址
49.81.125.167,9000,HTTP,江苏省徐州市  电信
101.71.226.135,9000,HTTP,浙江省杭州市  联通
117.90.6.110,9000,HTTP,中国 江苏省 镇江市 电信
122.242.81.166,9000,HTTP,浙江省金华市  电信
115.223.215.161,9000,HTTP,浙江省温州市  电信
117.90.1.7,9000,HTTP,中国 江苏省 镇江市 电信
115.223.252.184,9000,HTTP,浙江省温州市  电信
114.234.83.45,9000,HTTP,江苏省徐州市  电信
115.223.206.162,9000,HTTP,浙江省温州市  电信
180.118.134.116,9000,HTTP,中国 江苏省 镇江市 电信
115.223.235.245,9000,HTTP,浙江省温州市  电信
115.223.219.104,9000,HTTP,浙江省温州市  电信
115.218.122.176,9000,HTTP,浙江省温州市  电信
117.90.6.35,9000,HTTP,中国 江苏省 镇江市 电信
121.232.146.205,9000,HTTP,中国 江苏省 镇江市 电信
60.214.155.243,53281,HTTP,中国 山东省 枣庄市 联通
125.122.151.236,9000,HTTP,浙江省杭州市  电信
117.90.1.229,9000,HTTP,中国 江苏省 镇江市 电信
117.90.5.43,9000,HTTP,中国 江苏省 镇江市 电信
180.118.128.237,9000,HTTP,中国 江苏省 镇江市 电信
115.223.241.157,9000,HTTP,浙江省温州市  电信
101.68.49.208,9000,HTTP,浙江省杭州市  联通
115.223.231.148,9000,HTTP,浙江省温州市  电信
125.107.235.82,9000,HTTP,中国 浙江省 绍兴市 电信
115.193.98.246,9000,HTTP,浙江省杭州市  电信
117.90.2.102,9000,HTTP,中国 江苏省 镇江市 电信
115.223.226.86,9000,HTTP,浙江省温州市  电信
117.90.4.161,9000,HTTP,中国 江苏省 镇江市 电信
117.90.3.110,9000,HTTP,中国 江苏省 镇江市 电信
221.4.133.67,53281,HTTP,中国 广东省 东莞市 联通
180.104.62.188,9000,HTTP,江苏省徐州市  电信
125.122.148.32,9000,HTTP,浙江省杭州市  电信
180.104.62.13,9000,HTTP,江苏省徐州市  电信
115.218.122.132,9000,HTTP,浙江省温州市  电信
115.223.234.20,9000,HTTP,浙江省温州市  电信
121.232.146.54,9000,HTTP,中国 江苏省 镇江市 电信
117.87.178.250,9000,HTTP,江苏省徐州市  电信
115.223.239.74,9000,HTTP,浙江省温州市  电信
115.218.125.56,9000,HTTP,浙江省温州市  电信
115.223.221.84,9000,HTTP,浙江省温州市  电信
121.232.194.201,9000,HTTP,中国 江苏省 镇江市 电信
115.218.223.69,9000,HTTP,浙江省温州市  电信
115.218.223.247,9000,HTTP,浙江省温州市  电信
115.223.248.245,9000,HTTP,浙江省温州市  电信
220.184.33.129,9000,HTTP,中国 浙江 杭州 电信
115.223.213.48,9000,HTTP,浙江省温州市  电信
180.118.73.103,9000,HTTP,中国 江苏省 镇江市 电信
117.90.137.67,9000,HTTP,中国 江苏省 镇江市 电信
125.122.148.116,9000,HTTP,浙江省杭州市  电信
117.90.6.221,9000,HTTP,中国 江苏省 镇江市 电信
117.90.4.155,9000,HTTP,中国 江苏省 镇江市 电信
115.218.126.224,9000,HTTP,浙江省温州市  电信
115.218.127.166,9000,HTTP,浙江省温州市  电信
171.215.192.206,9000,HTTP,中国 四川省 遂宁市 电信
115.223.212.163,9000,HTTP,浙江省温州市  电信
115.223.204.92,9000,HTTP,浙江省温州市  电信
115.223.253.209,9000,HTTP,浙江省温州市  电信
115.218.124.72,9000,HTTP,浙江省温州市  电信
117.90.6.244,9000,HTTP,中国 江苏省 镇江市 电信
114.235.23.30,9000,HTTP,江苏省徐州市  电信
117.90.2.79,9000,HTTP,中国 江苏省 镇江市 电信
121.232.144.242,9000,HTTP,中国 江苏省 镇江市 电信
115.223.220.241,9000,HTTP,浙江省温州市  电信
117.87.179.4,9000,HTTP,江苏省徐州市  电信
180.118.247.203,9000,HTTP,中国 江苏省 镇江市 电信
115.223.208.33,9000,HTTP,浙江省温州市  电信
115.223.204.165,9000,HTTP,浙江省温州市  电信
220.184.33.142,9000,HTTP,中国 浙江省 杭州市 电信
121.232.148.82,9000,HTTP,中国 江苏省 镇江市 电信
221.229.18.49,3128,HTTP,中国 江苏省 扬州市 电信
115.218.216.28,9000,HTTP,浙江省温州市  电信
115.223.231.6,9000,HTTP,浙江省温州市  电信
117.90.3.136,9000,HTTP,中国 江苏省 镇江市 电信
121.232.147.149,9000,HTTP,中国 江苏省 镇江市 电信
121.232.147.241,9000,HTTP,中国 江苏省 镇江市 电信
115.218.127.184,9000,HTTP,浙江省温州市  电信
119.5.1.57,22,HTTP,中国 四川省 南充市 联通
115.218.120.157,9000,HTTP,浙江省温州市  电信
117.90.252.77,9000,HTTP,中国 江苏省 镇江市 电信
115.218.126.140,9000,HTTP,浙江省温州市  电信
115.218.127.197,9000,HTTP,浙江省温州市  电信
115.223.199.113,9000,HTTP,浙江省温州市  电信
115.223.254.237,9000,HTTP,浙江省温州市  电信
115.223.254.126,9000,HTTP,浙江省温州市  电信
121.232.147.146,9000,HTTP,中国 江苏省 镇江市 电信
115.218.123.121,9000,HTTP,浙江省温州市  电信
117.90.137.254,9000,HTTP,中国 江苏省 镇江市 电信
115.218.217.183,9000,HTTP,浙江省温州市  电信
121.232.144.70,9000,HTTP,中国 江苏省 镇江市 电信
101.71.232.140,9000,HTTP,浙江省杭州市  联通
115.223.226.50,9000,HTTP,浙江省温州市  电信
115.223.227.254,9000,HTTP,浙江省温州市  电信
121.232.146.165,9000,HTTP,中国 江苏省 镇江市 电信
125.122.150.206,9000,HTTP,浙江省杭州市  电信
115.218.208.106,9000,HTTP,浙江省温州市  电信
115.223.211.24,9000,HTTP,浙江省温州市  电信
222.214.248.248,9000,HTTP,中国 四川省 遂宁市 电信
180.104.62.123,9000,HTTP,江苏省徐州市  电信
115.223.213.32,9000,HTTP,浙江省温州市  电信
115.223.255.209,9000,HTTP,浙江省温州市  电信
121.232.194.188,9000,HTTP,中国 江苏省 镇江市 电信
115.218.223.32,9000,HTTP,浙江省温州市  电信
114.234.82.190,9000,HTTP,江苏省徐州市  电信
121.232.146.169,9000,HTTP,中国 江苏省 镇江市 电信
115.223.249.231,9000,HTTP,浙江省温州市  电信
115.223.212.2,9000,HTTP,浙江省温州市  电信
180.118.135.197,9000,HTTP,中国 江苏省 镇江市 电信
115.218.125.248,9000,HTTP,浙江省温州市  电信
115.218.222.151,9000,HTTP,浙江省温州市  电信
115.223.204.199,9000,HTTP,浙江省温州市  电信
117.90.1.19,9000,HTTP,中国 江苏省 镇江市 电信
115.223.237.5,9000,HTTP,浙江省温州市  电信
115.218.120.238,9000,HTTP,浙江省温州市  电信
115.223.200.151,9000,HTTP,浙江省温州市  电信
115.223.216.186,9000,HTTP,浙江省温州市  电信
117.90.1.54,9000,HTTP,中国 江苏省 镇江市 电信
115.223.202.225,9000,HTTP,浙江省温州市  电信
115.218.125.45,9000,HTTP,浙江省温州市  电信
115.218.122.245,9000,HTTP,浙江省温州市  电信
115.223.202.110,9000,HTTP,浙江省温州市  电信
121.232.194.69,9000,HTTP,中国 江苏省 镇江市 电信
115.218.125.62,9000,HTTP,浙江省温州市  电信
114.234.81.64,9000,HTTP,江苏省徐州市  电信
115.218.120.53,9000,HTTP,浙江省温州市  电信
60.210.128.241,9000,HTTP,中国 山东省 潍坊市 联通
115.218.120.140,9000,HTTP,浙江省温州市  电信
114.235.22.156,9000,HTTP,江苏省徐州市  电信
115.196.49.149,9000,HTTP,浙江省杭州市  电信
117.90.4.55,9000,HTTP,中国 江苏省 镇江市 电信
115.218.218.13,9000,HTTP,浙江省温州市  电信
121.232.145.92,9000,HTTP,中国 江苏省 镇江市 电信
101.71.232.229,9000,HTTP,浙江省杭州市  联通
47.93.3.242,80,HTTP,中国 北京市 北京市 阿里云
115.218.217.92,9000,HTTP,浙江省温州市  电信
117.87.178.188,9000,HTTP,江苏省徐州市  电信
115.218.127.67,9000,HTTP,浙江省温州市  电信
114.235.22.159,9000,HTTP,江苏省徐州市  电信
115.196.49.149,9000,HTTP,浙江省杭州市  电信
114.234.83.189,9000,HTTP,江苏省徐州市  电信
180.104.63.69,9000,HTTP,江苏省徐州市  电信
115.223.200.156,9000,HTTP,浙江省温州市  电信
121.232.194.60,9000,HTTP,中国 江苏省 镇江市 电信
